country,country,
philippines,philippines,
india,india,
nigeria,nigeria,
saudi arabia,saudi arabia,
singapore,singapore,
brazil,brazil,
u.a.e,u.a.e,uae
south africa,south africa,
usa,usa,
colombia,colombia,
mexico,mexico,
ghana,ghana,
egypt,egypt,
democratic republic of the congo,democratic republic of the congo,congo
ethiopia,ethiopia,
australia,australia,
nan,nan,
kenya,kenya,
indonesia,indonesia,
oman,oman,
pakistan,pakistan,
united kingdom,united kingdom,
guatemala,guatemala,
panama,panama,
canada,canada,
bangladesh,bangladesh,
papua new guinea,papua new guinea,
united republic of tanzania,united republic of tanzania,
qatar,qatar,
afghanistan,afghanistan,
chile,chile,
mozambique,mozambique,
turkey,turkey,
türkiye,turkey,
el salvador,el salvador,
togo,togo,
jordan,jordan,
iraq,iraq,
israel,israel,
sri lanka,sri lanka,
south korea,south korea,
portugal,portugal,
mauritania,mauritania,
uruguay,uruguay,
peru,peru,
germany,germany,
romania,romania,
norway,norway,
jamaica,jamaica,
,,
hungary,hungary,
poland,poland,
czech,czech,
spain,spain,
argentina,argentina,
ecuador,ecuador,
senegal,senegal,
hong kong,hong kong,
malaysia,malaysia,
japan,japan,
kuwait,kuwait,
ireland,ireland,
albania,albania,
greece,greece,
barranquilla,barranquilla,
algeria,algeria,
nicaragua,nicaragua,
slovenia,slovenia,
italy,italy,
netherlands,netherlands,
dominican republic,dominican republic,
france,france,
etc,etc,
uganda,uganda,
mumbai,mumbai,
iran,iran,
paraguay,paraguay,
bolivia,bolivia,
namibia,namibia,
tunisia,tunisia,
puerto rico,puerto rico,
anguilla,anguilla,
croatia,croatia,
fiji,fiji,
denmark,denmark,
sweden,sweden,
cyprus,cyprus,
belgium,belgium,
venezuela,venezuela,
maldives,maldives,
"clinton, ok 73601","clinton, ok 73601",usa
morocco,morocco,
switzerland,switzerland,
"3801 e willow st, long beach, ca 90815, ee. uu.","3801 e willow st, long beach, ca 90815, ee. uu.",usa
honduras,honduras,
austria,austria,
9110 forest crossingthe woodlandstx77381,9110 forest crossingthe woodlandstx77381,usa
russia,russia,
bahamas,bahamas,
burkina faso,burkina faso,
thailand,thailand,
ivory coast,ivory coast,
gujarat,gujarat,india
chennai,chennai,india
cambodia,cambodia,
zimbabwe,zimbabwe,
vietnam,vietnam,
barbados,barbados,
suriname,suriname,
costa rica,costa rica,
bhilwara,bhilwara,india
bangalore,bangalore,india
hyderabad,hyderabad,india
anand vihar delhi,anand vihar delhi,india
uttar pradesh,uttar pradesh,india
kerela,kerela,india
br,br,
botswana,botswana,
curaçao,curaçao,
guyana,guyana,
mali,mali,
"800 3rd ave 3rd floor, new york, ny 10022","800 3rd ave 3rd floor, new york, ny 10022",usa
china,china,
latvia,latvia,
libya,libya,
central african republic,central african republic,
vt 05672,vt 05672,usa
nd,nd,
zip 98433,zip 98433,usa
"723 s valley way, palmer, ak 99645","723 s valley way, palmer, ak 99645",
azerbaijan,azerbaijan,
yemen,yemen,
antigua and barbuda,antigua and barbuda,
"4278 s buffalo st orchard park, ny 14127","4278 s buffalo st orchard park, ny 14127",usa
"30 cambria ave, pleasantville, nj 08232","30 cambria ave, pleasantville, nj 08232",usa
tx 77024,tx 77024,usa
nj 07013,nj 07013,usa
ks 66217,ks 66217,usa
us virgin islands,us virgin islands,usa
lebanon,lebanon,
angola,angola,
bulgaria,bulgaria,
armenia,armenia,
trinidad and tobago,trinidad and tobago,
nepal,nepal,
luxembourg,luxembourg,
somalia,somalia,
rwanda,rwanda,
indore,indore,india
bahrain,bahrain,
georgia,georgia,
mauritius,mauritius,
turks and caicos islands,turks and caicos islands,united kingdom
"13854 lakeside cir sterling heights, mi 48313","13854 lakeside cir sterling heights, mi 48313",usa
"65 grove street, suite 204  watertown, ma 02472","65 grove street, suite 204  watertown, ma 02472",usa
ny 11358,ny 11358,usa
"arlington, ny 12603","arlington, ny 12603",usa
"4278 s buffalo st  orchard park, ny 14127","4278 s buffalo st  orchard park, ny 14127",usa
caceres,caceres,spain
valencia,valencia,spain
gran canarias playa del ingles,gran canarias playa del ingles,spain
brunei,brunei,
malta,malta,
taiwan,taiwan,
country,country,
mo 63103,mo 63103,usa
"1156 w armitage ave suite b, chicago, il 60614, us.","1156 w armitage ave suite b, chicago, il 60614, us.",usa
"square at, 2662 gateway rd suite 165, carlsbad, ca 92009","square at, 2662 gateway rd suite 165, carlsbad, ca 92009",usa
"3100 shore drive virginia beach, va 23451","3100 shore drive virginia beach, va 23451",usa
"724 w business us highway 60, dexter, mo 63841,","724 w business us highway 60, dexter, mo 63841,",usa
"herndon, va 20170","herndon, va 20170",usa
il 61615,il 61615,usa
ca,ca,usa
fl 33404,fl 33404,usa
"750 florida central parkway suite #100 longwood, fl 32750","750 florida central parkway suite #100 longwood, fl 32750",usa
fl 33772,fl 33772,usa
ga 31405,ga 31405,usa
jacksonville florida,jacksonville florida,usa
"12718 kitten trail, hudson, fl 34669","12718 kitten trail, hudson, fl 34669",usa
new hampshire,new hampshire,usa
saint kitts and nevis,saint kitts and nevis,
ca 95618,ca 95618,usa
ma 02780,ma 02780,usa
ca 95814,ca 95814,usa
"1385 n weber rd, romeoville, il 60446,","1385 n weber rd, romeoville, il 60446,",usa
"1755 north brown rd. suite 200 lawrenceville, ga 30043","1755 north brown rd. suite 200 lawrenceville, ga 30043",usa
"3440 rockefeller ct waldorf, md 20602","3440 rockefeller ct waldorf, md 20602",usa
fl 33716,fl 33716,usa
fl 33442,fl 33442,usa
"nicolosi (ct), italy","nicolosi (ct), italy",italy
ut 84116,ut 84116,usa
"463 industrial park rd, elysburg, pa 17824, us","463 industrial park rd, elysburg, pa 17824, us",usa
mn 55024,mn 55024,usa
sd 57751,sd 57751,usa
ca 92078,ca 92078,usa
mo 64108.,mo 64108.,usa
"7105 northland terrace n, minneapolis, mn 55428","7105 northland terrace n, minneapolis, mn 55428",usa
"101 metlife way, cary, nc, 27513 ??met1","101 metlife way, cary, nc, 27513 ??met1",usa
"via dell'informatica 10 - 37036 san martino buon albergo (veneto), italy","via dell'informatica 10 - 37036 san martino buon albergo (veneto), italy",italy
myanmar,myanmar,
sierra leone,sierra leone,
sudan,sudan,
cameroon,cameroon,
cote d'ivoire,cote d'ivoire,ivory coast
syria,syria,
gambia,gambia,
gabon,gabon,
montenegro,montenegro,
laos,laos,
lithuania,lithuania,
zambia,zambia,
belo horizonte,belo horizonte,brazil
uae dubai,uae dubai,uae
estonia,estonia,
british virgin islands,british virgin islands,usa
serbia,serbia,
benin,benin,
macedonia,macedonia,
bosnia and herzegovina,bosnia and herzegovina,
bermuda,bermuda,united kingdom
new zealand,new zealand,
il 60191,il 60191,usa
ukraine,ukraine,
congo,congo,congo
"cra. 51 #12 sur-75, san fernando, itagüi, medellín, guayabal, medellín, antioquia, colombia","cra. 51 #12 sur-75, san fernando, itagüi, medellín, guayabal, medellín, antioquia, colombia",colombia
600 5th street,600 5th street,usa
ma 01851,ma 01851,usa
305 john street,305 john street,usa
210 route 4 east fl 4,210 route 4 east fl 4,usa
il 60069,il 60069,usa
"1605 ave. ponce de león, suite 400 san juan, 00909, puerto rico","1605 ave. ponce de león, suite 400 san juan, 00909, puerto rico",puerto rico
2900 highway 280suite 250birminghamal35223,2900 highway 280suite 250birminghamal35223,usa
100 vestavia parkwaybirminghamal35216,100 vestavia parkwaybirminghamal35216,usa
222 maxine dr,222 maxine dr,usa
275 mishawum road,275 mishawum road,usa
6601 carroll highlands rd,6601 carroll highlands rd,usa
1380 enterprise dr,1380 enterprise dr,usa
3000 montour church road,3000 montour church road,usa
9820huntersvillenc28078,9820huntersvillenc28078,usa
152 bowdoin street,152 bowdoin street,usa
1001 main st,1001 main st,usa
300 east park drive,300 east park drive,usa
594 howard stsan franciscoca94106,594 howard stsan franciscoca94106,usa
594 howard stsan franciscoca94105,594 howard stsan franciscoca94105,usa
417 20th st nbirminghamal35203,417 20th st nbirminghamal35203,usa
24082 carmel dr,24082 carmel dr,usa
106 lakeview drhomewoodal35209,106 lakeview drhomewoodal35209,usa
1909 forest knoll drhooveral35244,1909 forest knoll drhooveral35244,usa
1808 lithgow rdcelinatx75009,1808 lithgow rdcelinatx75009,usa
po box 112292carrolltontx75011,po box 112292carrolltontx75011,usa
5555,5555,
7673 hempston cir,7673 hempston cir,usa
1503 lbj parkwaysuite 700farmers branchtx75234,1503 lbj parkwaysuite 700farmers branchtx75234,usa
8454 muirwood trlfort worthtx76137,8454 muirwood trlfort worthtx76137,usa
1560 chance ct,1560 chance ct,usa
2047  w summerdale ave,2047  w summerdale ave,usa
955 powell ave sw,955 powell ave sw,usa
825 eastlake ave e,825 eastlake ave e,usa
2266 palmer dr.,2266 palmer dr.,usa
5501 headquarters drplanotx75024,5501 headquarters drplanotx75024,usa
15806 longship ct,15806 longship ct,usa
416 panzano drive,416 panzano drive,usa
17215 welby way,17215 welby way,usa
6005 commerce dr. ste. 300,6005 commerce dr. ste. 300,usa
"1715 forest cove drive,  apt 201","1715 forest cove drive,  apt 201",usa
1537 rolling hills dr.,1537 rolling hills dr.,usa
126 diablo ranch court,126 diablo ranch court,usa
3027 west bay villa ave,3027 west bay villa ave,usa
829 jackson ave,829 jackson ave,usa
2217 houston drivemelissatx75454,2217 houston drivemelissatx75454,usa
899 kifer roadsunnyvaleca94086,899 kifer roadsunnyvaleca94086,usa
100 first stsan franciscoca94015,100 first stsan franciscoca94015,usa
6300 harry hines blvdste. 1400dallastx75235,6300 harry hines blvdste. 1400dallastx75235,usa
100 sabine river dr.huttotx78634,100 sabine river dr.huttotx78634,usa
6111 w plano pkwy #2100planotx75093,6111 w plano pkwy #2100planotx75093,usa
1112 badger vine lanearlingtontx76005,1112 badger vine lanearlingtontx76005,usa
200 cabellouisvilleky40206,200 cabellouisvilleky40206,usa
a,a,
9716 mcfarring drfort worthtx76244,9716 mcfarring drfort worthtx76244,usa
1999 s bascomb avesuite 1000campbellca95008,1999 s bascomb avesuite 1000campbellca95008,usa
2350 airport frwybedfordtx76022,2350 airport frwybedfordtx76022,usa
410 baylor staustintx78703,410 baylor staustintx78703,usa
9111 cypress waters blvddallastx75038,9111 cypress waters blvddallastx75038,usa
9420 west sam houston pkwy nhoustontx77018,9420 west sam houston pkwy nhoustontx77018,usa
6564 headquarters drplanotx75051,6564 headquarters drplanotx75051,usa
"1209 derby run carrollton, tx 75007carrolltontx75007","1209 derby run carrollton, tx 75007carrolltontx75007",usa
1 skyview drfort worthtx76155,1 skyview drfort worthtx76155,usa
11330 clay rdhoustontx77041,11330 clay rdhoustontx77041,usa
602 saber creek drive,602 saber creek drive,usa
7700 west sunrise blvdplantationfl33322,7700 west sunrise blvdplantationfl33322,usa
"230 highland ave, suite 531somervillema2143","230 highland ave, suite 531somervillema2143",usa
5301 stevens creek blvdsanta claraca95051,5301 stevens creek blvdsanta claraca95051,usa
252 beech avenuemelrosema2176,252 beech avenuemelrosema2176,usa
one constitution roadbostonma2129,one constitution roadbostonma2129,usa
9 landsdowne streetbostonma2215,9 landsdowne streetbostonma2215,usa
6 kimball lanelynnfieldma1940,6 kimball lanelynnfieldma1940,usa
"160 gould st ste 300, needham heights, massachusetts 02494needhamma2721","160 gould st ste 300, needham heights, massachusetts 02494needhamma2721",usa
77 massachusetts avecambridgema2139,77 massachusetts avecambridgema2139,usa
36 margin stpeabodyma1960,36 margin stpeabodyma1960,usa
700 patroon creek blvdalbanyny12206,700 patroon creek blvdalbanyny12206,
400 centre streetnewtonma2458,400 centre streetnewtonma2458,
400 centre stnewtonma2458,400 centre stnewtonma2458,
2475 washington blvdogdenut84401,2475 washington blvdogdenut84401,
9800 s. monroe streetsandyut84070,9800 s. monroe streetsandyut84070,
9820 northcross center cthuntersvillenc28078,9820 northcross center cthuntersvillenc28078,
1100 itbprovout84602,1100 itbprovout84602,
45 n 200 wwillardut84340,45 n 200 wwillardut84340,
21903 ranier ln,21903 ranier ln,
545 west 111th st suite 7c,545 west 111th st suite 7c,
1 hoag dr.,1 hoag dr.,
1036 n nalder st,1036 n nalder st,
117 bernal rd ste70-422san josesan joseca95119,117 bernal rd ste70-422san josesan joseca95119,
kazakhstan,kazakhstan,
belarus,belarus,
"30 winter street boston, ma 02108","30 winter street boston, ma 02108",
palestine,palestine,
cayman islands,cayman islands,
swaziland,swaziland,
finland,finland,
lucknow,lucknow,
gurgaon,gurgaon,
kosovo,kosovo,
"335 league st s, sulphur springs, tx 75482","335 league st s, sulphur springs, tx 75482",
telangana,telangana,
136 s industrialsalinemi48176,136 s industrialsalinemi48176,
nevada,nevada,
"via e. de amicis, 23 . 90044 carini (pa)","via e. de amicis, 23 . 90044 carini (pa)",
48201,48201,
"bari, italy","bari, italy",
"st cloud, mn 56303","st cloud, mn 56303",
"609 medical center dr. decatur, texas, 76234","609 medical center dr. decatur, texas, 76234",
st kitts,st kitts,
"275 john hancock rd. taunton, ma, 02780","275 john hancock rd. taunton, ma, 02780",
fl 33025,fl 33025,
pune,pune,
iceland,iceland,
rj,rj,
odisha,odisha,
saint lucia,saint lucia,
14700 caribbean way,14700 caribbean way,
antigua,antigua,
djibouti,djibouti,
"ironhorse customs llc 4443 genella way north las vegas, nv 89031","ironhorse customs llc 4443 genella way north las vegas, nv 89031",
belize,belize,
colombia c2: solo información,colombia c2: solo información,
"firenze, italy","firenze, italy",
rio de janeiro,rio de janeiro,
bucaramanga,bucaramanga,
cartagena,cartagena,
"são paulo, pinheiros","são paulo, pinheiros",
recife,recife,
st maarten,st maarten,
foz de iguaçu - pr avenida tancredo neves 6731 jardim itaipu,foz de iguaçu - pr avenida tancredo neves 6731 jardim itaipu,
dourados,dourados,
guinea,guinea,
"bus shed, 6501 red hook rd #201, nazareth, st thomas 00802, u.s. virgin islands","bus shed, 6501 red hook rd #201, nazareth, st thomas 00802, u.s. virgin islands",
or 97128,or 97128,
"1600 rosecrans ave bldg 7 ste 101, manhattan beach, ca 90266,","1600 rosecrans ave bldg 7 ste 101, manhattan beach, ca 90266,",
"warren, oh 44483.","warren, oh 44483.",
"in 46601, ee. uu.","in 46601, ee. uu.",
", mo 64802",", mo 64802",
"6252 e grant rd suite 150 tucson, az 85712","6252 e grant rd suite 150 tucson, az 85712",
sc 29555,sc 29555,
"benbrook, tx 76126","benbrook, tx 76126",
"9631 liberty rd b, randallstown, md 21133","9631 liberty rd b, randallstown, md 21133",
"1800 congress ave., austin, tx 78701","1800 congress ave., austin, tx 78701",
"agost, alicante","agost, alicante",
"elche, alicante","elche, alicante",
madrid,madrid,
θέ?η ?έ??α βακαλο?ο?λο? βιο?α ?αλλήνη?  153 51,θέ?η ?έ??α βακαλο?ο?λο? βιο?α ?αλλήνη?  153 51,
ny,ny,
va 22209,va 22209,
nv 89119,nv 89119,
"85 w main st suite c, canton, ga 30114,","85 w main st suite c, canton, ga 30114,",
"1100 lee ave, lafayette, la 70501,","1100 lee ave, lafayette, la 70501,",
"1275 sister grove rd van alstyne, tx 75495","1275 sister grove rd van alstyne, tx 75495",
ca 91915-6002,ca 91915-6002,
ohio,ohio,
fl 32703,fl 32703,
fl 33013,fl 33013,
ga 30039,ga 30039,
"p.o. box 291992, port orange, fl 32129","p.o. box 291992, port orange, fl 32129",
mo 64506,mo 64506,
tx 75098,tx 75098,
co 80127,co 80127,
"2877 prospect rd, fort lauderdale, fl 33309","2877 prospect rd, fort lauderdale, fl 33309",
cuiabá,cuiabá,
colombia  cartagena,colombia  cartagena,
cuba,cuba,
netherlands antilles,netherlands antilles,
aruba,aruba,
carrera 11a 94-46 edificio chico 3000 piso 3 bogota,carrera 11a 94-46 edificio chico 3000 piso 3 bogota,
haiti,haiti,
mongolia,mongolia,
isle of man,isle of man,
slovakia,slovakia,
"823 gateway center way, san diego, ca 92102","823 gateway center way, san diego, ca 92102",
mi 48827,mi 48827,
tn 38120,tn 38120,
"810 n kingston dr peoria, il 61604-2145","810 n kingston dr peoria, il 61604-2145",
3 nasson avenue,3 nasson avenue,
1397 etowah driveatlantaga30319,1397 etowah driveatlantaga30319,
450 riverchase pkwybirminghamal35186,450 riverchase pkwybirminghamal35186,
3131 briarpark dr suite 200houstontx77042,3131 briarpark dr suite 200houstontx77042,
4880 stevens creek blvdsan joseca95129,4880 stevens creek blvdsan joseca95129,
2367 n 2650 wfarr westut84404,2367 n 2650 wfarr westut84404,
sao paulo,sao paulo,
centro de produção audiovisual - sesc são paulo,centro de produção audiovisual - sesc são paulo,
joão pessoa,joão pessoa,
"1919 minnesota ct, mississauga, on l5n","1919 minnesota ct, mississauga, on l5n",
são paulo,são paulo,
capão da canoa,capão da canoa,
ha noi,ha noi,
colombia - cartagena,colombia - cartagena,
aparecida,aparecida,
manaus,manaus,
ne,ne,
5003 lady of the lake dr  raleigh nc,5003 lady of the lake dr  raleigh nc,
"englewood, co","englewood, co",
fl,fl,
tx,tx,
liberia,liberia,
w126 n7449 flint drive menomonee falls va,w126 n7449 flint drive menomonee falls va,
233 south beaudry avenue  los angeles ca,233 south beaudry avenue  los angeles ca,
nj,nj,
"3 center plz suite 330 boston, ma 02108","3 center plz suite 330 boston, ma 02108",
nm,nm,
603 heritage drive  mount juliet,603 heritage drive  mount juliet,
